{"cameraMode":{"drawMode":0,"name":"Shaded","section":"Shading Mode"},"sceneLighting":true,"audioPlay":false,"sceneViewState":{"m_AlwaysRefresh":false,"showFog":true,"showSkybox":true,"showFlares":true,"showImageEffects":true,"showParticleSystems":true,"showVisualEffectGraphs":true,"m_FxEnabled":true},"in2DMode":false,"pivot":{"x":1.1142387390136719,"y":19.11798095703125,"z":25.62700653076172},"rotation":{"x":0.10224780440330506,"y":-0.6263793706893921,"z":0.08336281776428223,"w":0.7682752013206482},"size":15.186896324157715,"orthographic":false}